Navn;Kodeverdi;Eier;Status;Oppdatert;Versjons ID;Beskrivelse;Gyldig fra;Gyldig til;ID;Mer generelt begrep;Ekstern id
Aerotriangulert;21;Kartverket;Gyldig;15.04.2020;1;Punkt beregnet ved aerotriangulering  ;;;https://register.geonorge.no/sosi-kodelister/malemetode-kode/21;;
Annet  (denne har ingen mening, bør fjernes?);19;Kartverket;Gyldig;15.04.2020;1;Annet;;;https://register.geonorge.no/sosi-kodelister/malemetode-kode/19;;
Annet (spesifiseres i filhode) ( bør vel fjernes, blir borte ved overføring mellom systemer);79;Kartverket;Gyldig;15.04.2020;1;Annet (spesifiseres i filhode);;;https://register.geonorge.no/sosi-kodelister/malemetode-kode/79;;
Beregnet;69;Kartverket;Gyldig;15.04.2020;1;Beregnet, uspesifisert hvordan;;;https://register.geonorge.no/sosi-kodelister/malemetode-kode/69;;
Bilbåren laser;37;Kartverket;Gyldig;15.04.2020;1;Målt med laserskanner plassert i kjøretøy;;;https://register.geonorge.no/sosi-kodelister/malemetode-kode/37;;
Digitaliseringbord: Flybilde, film;43;Kartverket;Gyldig;15.04.2020;1;Geometri overført fra flybilde ved hjelp av manuell registrering på et digitaliseringsbord. Bildemedium er film;;;https://register.geonorge.no/sosi-kodelister/malemetode-kode/43;;
Digitaliseringbord: Flybilde, fotokopi;44;Kartverket;Gyldig;15.04.2020;1;Geometri overført fra flybilde ved hjelp av manuell registrering på et digitaliseringsbord. Bildemedium er fotokopi;;;https://register.geonorge.no/sosi-kodelister/malemetode-kode/44;;
Digitaliseringbord: Ortofoto eller flybilde;40;Kartverket;Gyldig;15.04.2020;1;Geometri overført fra ortofoto eller flybilde ved hjelp av manuell registrering på et digitaliseringsbord, uspesifisert bildemedium;;;https://register.geonorge.no/sosi-kodelister/malemetode-kode/40;;
Digitaliseringbord: Ortofoto, film;41;Kartverket;Gyldig;15.04.2020;1;Geometri overført fra ortofoto ved hjelp av manuell registrering på et digitaliseringsbord. Bildemedium er film;;;https://register.geonorge.no/sosi-kodelister/malemetode-kode/41;;
Digitaliseringbord: Ortofoto, fotokopi;42;Kartverket;Gyldig;15.04.2020;1;Geometri overført fra ortofoto ved hjelp av manuell registrering på et digitaliseringsbord. Bildemedium er fotokopi;;;https://register.geonorge.no/sosi-kodelister/malemetode-kode/42;;
Digitaliseringsbord: Kart;50;Kartverket;Gyldig;15.04.2020;1;Geometri overført fra kart ved hjelp av manuell registrering på et digitaliseringsbord, medium uspesifisert;;;https://register.geonorge.no/sosi-kodelister/malemetode-kode/50;;
Digitaliseringsbord: Kart, blyantoriginal;51;Kartverket;Gyldig;15.04.2020;1;Geometri overført fra kart ved hjelp av manuell registrering på et digitaliseringsbord. Kartmedium er blyantoriginal;;;https://register.geonorge.no/sosi-kodelister/malemetode-kode/51;;
Digitaliseringsbord: Kart, papirkopi;55;Kartverket;Gyldig;15.04.2020;1;Geometri overført fra kart ved hjelp av manuell registrering på et digitaliseringsbord. Kartmedium er papirkopi;;;https://register.geonorge.no/sosi-kodelister/malemetode-kode/55;;
Digitaliseringsbord: Kart, rissefoile;52;Kartverket;Gyldig;15.04.2020;1;Geometri overført fra kart ved hjelp av manuell registrering på et digitaliseringsbord. Kartmedium er rissefolie;;;https://register.geonorge.no/sosi-kodelister/malemetode-kode/52;;
Digitaliseringsbord: Kart, transparent foile, god kvalitet;53;Kartverket;Gyldig;15.04.2020;1;Geometri overført fra kart ved hjelp av manuell registrering på et digitaliseringsbord. Kartmedium er transparent folie av god kvalitet, samkopi;;;https://register.geonorge.no/sosi-kodelister/malemetode-kode/53;;
Digitaliseringsbord: Kart, transparent foile, mindre god kvalitet;54;Kartverket;Gyldig;15.04.2020;1;Geometri overført fra kart ved hjelp av manuell registrering på et digitaliseringsbord. Kartmedium er transparent folie av mindre god kvalitet, samkopi;;;https://register.geonorge.no/sosi-kodelister/malemetode-kode/54;;
Digitalisert på skjerm fra andre digitale rasterdata;47;Kartverket;Gyldig;15.04.2020;1;Ikke angitt;;;https://register.geonorge.no/sosi-kodelister/malemetode-kode/47;;
Digitalisert på skjerm fra ortofoto;45;Kartverket;Gyldig;15.04.2020;1;Geometri overført fra ortofoto ved hjelp av manuell registrering på skjerm;;;https://register.geonorge.no/sosi-kodelister/malemetode-kode/45;;
Digitalisert på skjerm fra satellittbilde;46;Kartverket;Gyldig;15.04.2020;1;Geometri overført fra satellittbilde ved hjelp av manuell registrering på skjerm;;;https://register.geonorge.no/sosi-kodelister/malemetode-kode/46;;
Digitalisert på skjerm fra skannet kart;56;Kartverket;Gyldig;15.04.2020;1;Geometri overført fra kart ved hjelp av manuell registrering på skjerm, medium skannet kart (raster), samkopi;;;https://register.geonorge.no/sosi-kodelister/malemetode-kode/56;;
Digitalisert på skjerm fra tolkning av seismikk;48;Kartverket;Gyldig;15.04.2020;1;Ikke angitt;;;https://register.geonorge.no/sosi-kodelister/malemetode-kode/48;;
Fastsatt punkt;77;Kartverket;Gyldig;15.04.2020;1;Punkt fastsatt ut fra et grunnlag (kart, bilde), f.eks ved partenes enighet ved en oppmålingsforretning;;;https://register.geonorge.no/sosi-kodelister/malemetode-kode/77;;
Fastsatt ved dom eller kongelig resolusjon;78;Kartverket;Gyldig;15.04.2020;1;Geometri fastsatt ved dom, lov, traktat eller kongelig resolusjon;;;https://register.geonorge.no/sosi-kodelister/malemetode-kode/78;;
Flybåren laserscanner;36;Kartverket;Gyldig;15.04.2020;1;Målt med laserskanner fra fly;;;https://register.geonorge.no/sosi-kodelister/malemetode-kode/36;;
Frihåndstegning;80;Kartverket;Gyldig;15.04.2020;1;Digitalisert ut fra frihåndstegning.  Frihåndstegning er basert på svært grovt grunnlag eller ikke noe grunnlag;;;https://register.geonorge.no/sosi-kodelister/malemetode-kode/80;;
Frihåndstegning på kart;81;Kartverket;Gyldig;15.04.2020;1;Digitalisert fra krokering på kart, dvs grovt skissert på kart;;;https://register.geonorge.no/sosi-kodelister/malemetode-kode/81;;
Frihåndstegning på skjerm;82;Kartverket;Gyldig;15.04.2020;1;Digitalisert ut fra frihåndstegning (direkte på skjerm). Frihåndstegning er basert på svært grovt grunnlag eller ikke noe grunnlag;;;https://register.geonorge.no/sosi-kodelister/malemetode-kode/82;;
Genererte data (interpolasjon);60;Kartverket;Gyldig;15.04.2020;1;Genererte data, interpolasjonsmetode. Ikke nærmere spesifisert;;;https://register.geonorge.no/sosi-kodelister/malemetode-kode/60;;
Genererte data (interpolasjon): Terrengmodell;61;Kartverket;Gyldig;15.04.2020;1;Genererte data, interpolasjonsmetode, fra terrengmodell;;;https://register.geonorge.no/sosi-kodelister/malemetode-kode/61;;
Genererte data (interpolasjon): Vektet middel;62;Kartverket;Gyldig;15.04.2020;1;Genererte data, interpolasjonsmetode, vektet middel;;;https://register.geonorge.no/sosi-kodelister/malemetode-kode/62;;
Genererte data: Fra annen geometri;63;Kartverket;Gyldig;15.04.2020;1;Genererte data: Sirkelgeometri, korridor eller annen geometri generert ut fra f.eks et punkt eller en linje (f.eks midtlinje veg);;;https://register.geonorge.no/sosi-kodelister/malemetode-kode/63;;
Genererte data: Generalisering;64;Kartverket;Gyldig;15.04.2020;1;Genererte data: Generalisering;;;https://register.geonorge.no/sosi-kodelister/malemetode-kode/64;;
Genererte data: Sammenknytningspunkt, randpunkt;66;Kartverket;Gyldig;15.04.2020;1;Genererte data: Sammenknytningspunkt (f.eks mellom ulike kartlegginger), randpunkt (f.eks mellom ulike kilder til kart);;;https://register.geonorge.no/sosi-kodelister/malemetode-kode/66;;
Genererte data: Sentralpunkt;65;Kartverket;Gyldig;15.04.2020;1;Genererte data: Sentralpunkt;;;https://register.geonorge.no/sosi-kodelister/malemetode-kode/65;;
GNSS: Fasemåling , float-løsning;97;Kartverket;Gyldig;15.04.2020;1;Innmålt med satellittbaserte systemer for navigasjon og posisjonering med global dekning (f.eks GPS, GLONASS, GALILEO). Fasemåling float-løsning;;;https://register.geonorge.no/sosi-kodelister/malemetode-kode/97;;
GNSS: Fasemåling RTK;96;Kartverket;Gyldig;15.04.2020;1;Innmålt med satellittbaserte systemer for navigasjon og posisjonering med global dekning (f.eks GPS, GLONASS, GALILEO).: Fasemåling RTK (realtids kinematisk måling);;;https://register.geonorge.no/sosi-kodelister/malemetode-kode/96;;
GNSS: Fasemåling, andre metoder;94;Kartverket;Gyldig;15.04.2020;1;Innmålt med satellittbaserte systemer for navigasjon og posisjonering med global dekning (f.eks GPS, GLONASS, GALILEO): Fasemåling andre metoder.;;;https://register.geonorge.no/sosi-kodelister/malemetode-kode/94;;
GNSS: Fasemåling, statisk måling;93;Kartverket;Gyldig;15.04.2020;1;Innmålt med satellittbaserte systemer for navigasjon og posisjonering med global dekning (f.eks GPS, GLONASS, GALILEO): Fasemåling statisk måling.;;;https://register.geonorge.no/sosi-kodelister/malemetode-kode/93;;
GNSS: Kodemåling, enkle målinger;92;Kartverket;Gyldig;15.04.2020;1;Innmålt med satellittbaserte systemer for navigasjon og posisjonering med global dekning (f.eks GPS, GLONASS, GALILEO): Kodemåling, enkle målinger.;;;https://register.geonorge.no/sosi-kodelister/malemetode-kode/92;;
GNSS: Kodemåling, relative målinger;91;Kartverket;Gyldig;15.04.2020;1;Innmålt med satellittbaserte systemer for navigasjon og posisjonering med global dekning (f.eks GPS, GLONASS, GALILEO): Kodemåling, relative målinger.;;;https://register.geonorge.no/sosi-kodelister/malemetode-kode/91;;
Kombinasjon av GNSS/Treghet;95;Kartverket;Gyldig;15.04.2020;1;Kombinasjon av GPS/Treghet;;;https://register.geonorge.no/sosi-kodelister/malemetode-kode/95;;
Koordinater hentet fra GAB;67;Kartverket;Gyldig;15.04.2020;1;Koordinater hentet fra GAB, forløperen til registerdelen av matrikkelen;;;https://register.geonorge.no/sosi-kodelister/malemetode-kode/67;;
Koordinater hentet fra JREG;68;Kartverket;Gyldig;15.04.2020;1;Koordinater hentet fra JREG, jordregisteret;;;https://register.geonorge.no/sosi-kodelister/malemetode-kode/68;;
Lineær referanse;38;Kartverket;Gyldig;15.04.2020;1;brukes for objekter som er stedfestet med lineær referanse, enten disse leveres med stedfesting kun som lineære referanser, eller med koordinatgeometri avledet fra lineære referanser;;;https://register.geonorge.no/sosi-kodelister/malemetode-kode/38;;
Scannet fra kart;30;Kartverket;Gyldig;15.04.2020;1;Geometri overført fra kart maskinelt ved hjelp av skanner, uspesifisert kartmedium;;;https://register.geonorge.no/sosi-kodelister/malemetode-kode/30;;
Skannet fra kart: Blyantoriginal;31;Kartverket;Gyldig;15.04.2020;1;Geometri overført fra kart maskinelt ved hjelp av skanner. Kartmedium er blyantoriginal;;;https://register.geonorge.no/sosi-kodelister/malemetode-kode/31;;
Skannet fra kart: Papirkopi;35;Kartverket;Gyldig;15.04.2020;1;Geometri overført fra kart maskinelt ved hjelp av skanner. Kartmedium er papirkopi.;;;https://register.geonorge.no/sosi-kodelister/malemetode-kode/35;;
Skannet fra kart: Rissefolie;32;Kartverket;Gyldig;15.04.2020;1;Geometri overført fra kart maskinelt ved hjelp av skanner. Kartmedium er rissefolie;;;https://register.geonorge.no/sosi-kodelister/malemetode-kode/32;;
Skannet fra kart: Transparent folie, god kvalitet;33;Kartverket;Gyldig;15.04.2020;1;Geometri overført fra kart maskinelt ved hjelp av skanner. Kartmedium er transparent folie av  god kvalitet.;;;https://register.geonorge.no/sosi-kodelister/malemetode-kode/33;;
Skannet fra kart: Transparent folie, mindre god kvalitet;34;Kartverket;Gyldig;15.04.2020;1;Geometri overført fra kart maskinelt ved hjelp av skanner. Kartmedium er transparent folie av mindre god kvalitet;;;https://register.geonorge.no/sosi-kodelister/malemetode-kode/34;;
Spesielle metoder;70;Kartverket;Gyldig;15.04.2020;1;Spesielle metoder, uspesifisert;;;https://register.geonorge.no/sosi-kodelister/malemetode-kode/70;;
Spesielle metoder: Målt med målehjul;73;Kartverket;Gyldig;15.04.2020;1;Spesielle metoder: Målt med målehjul;;;https://register.geonorge.no/sosi-kodelister/malemetode-kode/73;;
Spesielle metoder: Målt med stigningsmåler;74;Kartverket;Gyldig;15.04.2020;1;Spesielle metoder: Målt med stigningsmåler;;;https://register.geonorge.no/sosi-kodelister/malemetode-kode/74;;
Spesielle metoder: Målt med stikkstang;71;Kartverket;Gyldig;15.04.2020;1;Spesielle metoder: Målt med stikkstang;;;https://register.geonorge.no/sosi-kodelister/malemetode-kode/71;;
Spesielle metoder: Målt med waterstang;72;Kartverket;Gyldig;15.04.2020;1;Spesielle metoder: Målt med waterstang;;;https://register.geonorge.no/sosi-kodelister/malemetode-kode/72;;
Stereoinstrument;20;Kartverket;Gyldig;15.04.2020;1;Målt i stereoinstrument, uspesifisert instrument;;;https://register.geonorge.no/sosi-kodelister/malemetode-kode/20;;
Stereoinstrument: Analytisk plotter;22;Kartverket;Gyldig;15.04.2020;1;Målt i stereoinstrument, analytisk plotter;;;https://register.geonorge.no/sosi-kodelister/malemetode-kode/22;;
Stereoinstrument: Autograf;23;Kartverket;Gyldig;15.04.2020;1;Målt i stereoinstrument, autograf, analogt instrument;;;https://register.geonorge.no/sosi-kodelister/malemetode-kode/23;;
Stereoinstrument: Digitalt;24;Kartverket;Gyldig;15.04.2020;1;Målt i stereoinstrument, digitalt instrument;;;https://register.geonorge.no/sosi-kodelister/malemetode-kode/24;;
Tatt fra plan;18;Kartverket;Gyldig;15.04.2020;1;Tatt fra plan eller godkjent tiltak;;;https://register.geonorge.no/sosi-kodelister/malemetode-kode/18;;
Terrengmålt: Ortogonalmetoden;14;Kartverket;Gyldig;15.04.2020;1;Målt i terrenget, ortogonalmetoden;;;https://register.geonorge.no/sosi-kodelister/malemetode-kode/14;;
Terrengmålt: Teodolitt og el avstandsmåler;12;Kartverket;Gyldig;15.04.2020;1;Målt i terrenget med teodolitt og elektronisk avstandsmåler;;;https://register.geonorge.no/sosi-kodelister/malemetode-kode/12;;
Terrengmålt: Teodolitt og målebånd;13;Kartverket;Gyldig;15.04.2020;1;Målt i terrenget med teodolitt og målebånd;;;https://register.geonorge.no/sosi-kodelister/malemetode-kode/13;;
Terrengmålt: Totalstasjon;11;Kartverket;Gyldig;15.04.2020;1;Målt i terrenget med totalstasjon;;;https://register.geonorge.no/sosi-kodelister/malemetode-kode/11;;
Terrengmålt: Uspesifisert måleinstrument;10;Kartverket;Gyldig;15.04.2020;1;Målt i terrenget , uspesifisert metode/måleinstrument;;;https://register.geonorge.no/sosi-kodelister/malemetode-kode/10;;
Treghetsstedfesting;90;Kartverket;Gyldig;15.04.2020;1;Treghetsstedfesting;;;https://register.geonorge.no/sosi-kodelister/malemetode-kode/90;;
Ukjent målemetode;99;Kartverket;Gyldig;15.04.2020;1;Målemetode er ukjent;;;https://register.geonorge.no/sosi-kodelister/malemetode-kode/99;;
Utmål;15;Kartverket;Gyldig;15.04.2020;1;Punkt beregnet på bakgrunn av måling mot andre punkter, slik som to avstander eller avstand og retning  ;;;https://register.geonorge.no/sosi-kodelister/malemetode-kode/15;;
Vektorisering av laserdata;49;Kartverket;Gyldig;15.04.2020;1;Vektorisering fra laserdata, brukes også der vektoriseringen støttes av ortofoto;;;https://register.geonorge.no/sosi-kodelister/malemetode-kode/49;;
